player,role,sold_price_cr,2023_squad,team,base_price_cr,status
Spencer Johnson,BOWLER,10.0,Not Mentioned,Gujrat Titans,0.5,sold
Shahrukh Khan,ALL-ROUNDER,7.4,PBKS,Gujrat Titans,0.4,sold
Umesh Yadav,BOWLER,5.8,KKR,Gujrat Titans,2.0,sold
Robin Minz,WICKETKEEPER,3.6,Not Mentioned,Gujrat Titans,0.2,sold
Sushant Mishra,BOWLER,2.2,Not Mentioned,Gujrat Titans,0.2,sold
Kartik Tyagi,BOWLER,0.6,SRH,Gujrat Titans,0.2,sold
Azmatullah Omarzai,ALL-ROUNDER,0.5,Not Mentioned,Gujrat Titans,0.5,sold
Manav Suthar,BOWLER,0.2,Not Mentioned,Gujrat Titans,0.2,sold
David Miller,UNKNOWN,0.0,Not Mentioned,Gujrat Titans,0.0,unsold
Shubman Gill,UNKNOWN,0.0,Not Mentioned,Gujrat Titans,0.0,unsold
Matthew Wade,UNKNOWN,0.0,Not Mentioned,Gujrat Titans,0.0,unsold
Wriddhiman Saha,UNKNOWN,0.0,Not Mentioned,Gujrat Titans,0.0,unsold
Kane Williamson,UNKNOWN,0.0,Not Mentioned,Gujrat Titans,0.0,unsold
Abhinav Manohar,UNKNOWN,0.0,Not Mentioned,Gujrat Titans,0.0,unsold
B. Sai Sudharsan,UNKNOWN,0.0,Not Mentioned,Gujrat Titans,0.0,unsold
Darshan Nalkande,UNKNOWN,0.0,Not Mentioned,Gujrat Titans,0.0,unsold
Vijay Shankar,UNKNOWN,0.0,Not Mentioned,Gujrat Titans,0.0,unsold
Jayant Yadav,UNKNOWN,0.0,Not Mentioned,Gujrat Titans,0.0,unsold
Rahul Tewatia,UNKNOWN,0.0,Not Mentioned,Gujrat Titans,0.0,unsold
Mohammed Shami,UNKNOWN,0.0,Not Mentioned,Gujrat Titans,0.0,unsold
Noor Ahmad,UNKNOWN,0.0,Not Mentioned,Gujrat Titans,0.0,unsold
R. Sai Kishore,UNKNOWN,0.0,Not Mentioned,Gujrat Titans,0.0,unsold
Rashid Khan,UNKNOWN,0.0,Not Mentioned,Gujrat Titans,0.0,unsold
Joshua Little,UNKNOWN,0.0,Not Mentioned,Gujrat Titans,0.0,unsold
Mohit Sharma,UNKNOWN,0.0,Not Mentioned,Gujrat Titans,0.0,unsold
Daryl Mitchell,ALL-ROUNDER,14.0,Not Mentioned,Chennai Super Kings,1.0,sold
Sameer Rizvi,BATTER,8.4,Not Mentioned,Chennai Super Kings,0.2,sold
Shardul Thakur,ALL-ROUNDER,4.0,KKR,Chennai Super Kings,2.0,sold
Mustafizur Rahman,BOWLER,2.0,DC,Chennai Super Kings,2.0,sold
Rachin Ravindra,ALL-ROUNDER,1.8,Not Mentioned,Chennai Super Kings,0.5,sold
Avanish Rao Aravelly,WICKETKEEPER,0.2,Not Mentioned,Chennai Super Kings,0.2,sold
MS Dhoni,UNKNOWN,0.0,Not Mentioned,Chennai Super Kings,0.0,unsold
Moeen Ali,UNKNOWN,0.0,Not Mentioned,Chennai Super Kings,0.0,unsold
Deepak Chahar,UNKNOWN,0.0,Not Mentioned,Chennai Super Kings,0.0,unsold
Devon Conway,UNKNOWN,0.0,Not Mentioned,Chennai Super Kings,0.0,unsold
Tushar Deshpande,UNKNOWN,0.0,Not Mentioned,Chennai Super Kings,0.0,unsold
Shivam Dube,UNKNOWN,0.0,Not Mentioned,Chennai Super Kings,0.0,unsold
Ruturaj Gaikwad,UNKNOWN,0.0,Not Mentioned,Chennai Super Kings,0.0,unsold
Rajvardhan Hangargekar,UNKNOWN,0.0,Not Mentioned,Chennai Super Kings,0.0,unsold
Ravindra Jadeja,UNKNOWN,0.0,Not Mentioned,Chennai Super Kings,0.0,unsold
Ajay Mandal,UNKNOWN,0.0,Not Mentioned,Chennai Super Kings,0.0,unsold
Mukesh Choudhary,UNKNOWN,0.0,Not Mentioned,Chennai Super Kings,0.0,unsold
Matheesha Pathirana,UNKNOWN,0.0,Not Mentioned,Chennai Super Kings,0.0,unsold
Ajinkya Rahane,UNKNOWN,0.0,Not Mentioned,Chennai Super Kings,0.0,unsold
Shaik Rasheed,UNKNOWN,0.0,Not Mentioned,Chennai Super Kings,0.0,unsold
Mitchell Santner,UNKNOWN,0.0,Not Mentioned,Chennai Super Kings,0.0,unsold
Simarjeet Singh,UNKNOWN,0.0,Not Mentioned,Chennai Super Kings,0.0,unsold
Nishant Sindhu,UNKNOWN,0.0,Not Mentioned,Chennai Super Kings,0.0,unsold
Prashant Solanki,UNKNOWN,0.0,Not Mentioned,Chennai Super Kings,0.0,unsold
Maheesh Theekshana,UNKNOWN,0.0,Not Mentioned,Chennai Super Kings,0.0,unsold
Kumar Kushagra,WICKETKEEPER,7.2,Not Mentioned,Delhi Capitals,0.2,sold
Jhye Richardson,BOWLER,5.0,Not Mentioned,Delhi Capitals,1.5,sold
Harry Brook,BATTER,4.0,SRH,Delhi Capitals,2.0,sold
Sumit Kumar,ALL-ROUNDER,1.0,Not Mentioned,Delhi Capitals,0.2,sold
Shai Hope,WICKETKEEPER,0.75,Not Mentioned,Delhi Capitals,0.75,sold
Tristan Stubbs,WICKETKEEPER,0.5,MI,Delhi Capitals,0.5,sold
Ricky Bhui,WICKETKEEPER,0.2,Not Mentioned,Delhi Capitals,0.2,sold
Rasikh Dar,BOWLER,0.2,Not Mentioned,Delhi Capitals,0.2,sold
Swastik Chhikara,BATTER,0.2,Not Mentioned,Delhi Capitals,0.2,sold
Rishabh Pant,UNKNOWN,0.0,Not Mentioned,Delhi Capitals,0.0,unsold
Pravin Dubey,UNKNOWN,0.0,Not Mentioned,Delhi Capitals,0.0,unsold
David Warner,UNKNOWN,0.0,Not Mentioned,Delhi Capitals,0.0,unsold
Vicky Ostwal,UNKNOWN,0.0,Not Mentioned,Delhi Capitals,0.0,unsold
Prithvi Shaw,UNKNOWN,0.0,Not Mentioned,Delhi Capitals,0.0,unsold
Anrich Nortje,UNKNOWN,0.0,Not Mentioned,Delhi Capitals,0.0,unsold
Abishek Porel,UNKNOWN,0.0,Not Mentioned,Delhi Capitals,0.0,unsold
Kuldeep Yadav,UNKNOWN,0.0,Not Mentioned,Delhi Capitals,0.0,unsold
Axar Patel,UNKNOWN,0.0,Not Mentioned,Delhi Capitals,0.0,unsold
Lungi Ngidi,UNKNOWN,0.0,Not Mentioned,Delhi Capitals,0.0,unsold
Lalit Yadav,UNKNOWN,0.0,Not Mentioned,Delhi Capitals,0.0,unsold
Khaleel Ahmed,UNKNOWN,0.0,Not Mentioned,Delhi Capitals,0.0,unsold
Mitchell Marsh,UNKNOWN,0.0,Not Mentioned,Delhi Capitals,0.0,unsold
Ishant Sharma,UNKNOWN,0.0,Not Mentioned,Delhi Capitals,0.0,unsold
Yash Dhull,UNKNOWN,0.0,Not Mentioned,Delhi Capitals,0.0,unsold
Mukesh Kumar,UNKNOWN,0.0,Not Mentioned,Delhi Capitals,0.0,unsold
Mitchell Starc,BOWLER,24.75,Not Mentioned,Kolkata Night Riders,2.0,sold
Mujeeb Rahman,BOWLER,2.0,Not Mentioned,Kolkata Night Riders,2.0,sold
Sherfane Rutherford,BATTER,1.5,Not Mentioned,Kolkata Night Riders,1.5,sold
Gus Atkinson,BOWLER,1.0,Not Mentioned,Kolkata Night Riders,1.0,sold
Manish Pandey,BATTER,0.5,DC,Kolkata Night Riders,0.5,sold
K.S. Bharat,WICKETKEEPER,0.5,GT,Kolkata Night Riders,0.5,sold
Chetan Sakariya,BOWLER,0.5,DC,Kolkata Night Riders,0.5,sold
Angkrish Raghuvanshi,BATTER,0.2,Not Mentioned,Kolkata Night Riders,0.2,sold
Ramandeep Singh,ALL-ROUNDER,0.2,MI,Kolkata Night Riders,0.2,sold
Sakib Hussain,BOWLER,0.2,Not Mentioned,Kolkata Night Riders,0.2,sold
Nitish Rana,UNKNOWN,0.0,Not Mentioned,Kolkata Night Riders,0.0,unsold
Rinku Singh,UNKNOWN,0.0,Not Mentioned,Kolkata Night Riders,0.0,unsold
Rahmanullah Gurbaz,UNKNOWN,0.0,Not Mentioned,Kolkata Night Riders,0.0,unsold
Shreyas Iyer,UNKNOWN,0.0,Not Mentioned,Kolkata Night Riders,0.0,unsold
Jason Roy,UNKNOWN,0.0,Not Mentioned,Kolkata Night Riders,0.0,unsold
Sunil Narine,UNKNOWN,0.0,Not Mentioned,Kolkata Night Riders,0.0,unsold
Suyash Sharma,UNKNOWN,0.0,Not Mentioned,Kolkata Night Riders,0.0,unsold
Anukul Roy,UNKNOWN,0.0,Not Mentioned,Kolkata Night Riders,0.0,unsold
Andre Russell,UNKNOWN,0.0,Not Mentioned,Kolkata Night Riders,0.0,unsold
Venkatesh Iyer,UNKNOWN,0.0,Not Mentioned,Kolkata Night Riders,0.0,unsold
Harshit Rana,UNKNOWN,0.0,Not Mentioned,Kolkata Night Riders,0.0,unsold
Vaibhav Arora,UNKNOWN,0.0,Not Mentioned,Kolkata Night Riders,0.0,unsold
Varun Chakaravarthy,UNKNOWN,0.0,Not Mentioned,Kolkata Night Riders,0.0,unsold
Harshal Patel,ALL-ROUNDER,11.75,RCB,Punjab Kings,2.0,sold
Rilee Rossouw,BATTER,8.0,DC,Punjab Kings,2.0,sold
Chris Woakes,ALL-ROUNDER,4.2,Not Mentioned,Punjab Kings,2.0,sold
Ashutosh Sharma,ALL-ROUNDER,0.2,Not Mentioned,Punjab Kings,0.2,sold
Vishwanath Pratap Singh,ALL-ROUNDER,0.2,Not Mentioned,Punjab Kings,0.2,sold
Shashank Singh,ALL-ROUNDER,0.2,Not Mentioned,Punjab Kings,0.2,sold
Tanay Thyagarajann,ALL-ROUNDER,0.2,Not Mentioned,Punjab Kings,0.2,sold
Prince Choudhary,BOWLER,0.2,Not Mentioned,Punjab Kings,0.2,sold
Shikhar Dhawan,UNKNOWN,0.0,Not Mentioned,Punjab Kings,0.0,unsold
Liam Livingstone,UNKNOWN,0.0,Not Mentioned,Punjab Kings,0.0,unsold
Jonny Bairstow,UNKNOWN,0.0,Not Mentioned,Punjab Kings,0.0,unsold
Gurnoor Singh Brar,UNKNOWN,0.0,Not Mentioned,Punjab Kings,0.0,unsold
Jitesh Sharma,UNKNOWN,0.0,Not Mentioned,Punjab Kings,0.0,unsold
Shivam Singh,UNKNOWN,0.0,Not Mentioned,Punjab Kings,0.0,unsold
Rahul Chahar,UNKNOWN,0.0,Not Mentioned,Punjab Kings,0.0,unsold
Prabhsimran Singh,UNKNOWN,0.0,Not Mentioned,Punjab Kings,0.0,unsold
Matthew Short,UNKNOWN,0.0,Not Mentioned,Punjab Kings,0.0,unsold
Arshdeep Singh,UNKNOWN,0.0,Not Mentioned,Punjab Kings,0.0,unsold
Harpreet Bhatia,UNKNOWN,0.0,Not Mentioned,Punjab Kings,0.0,unsold
Harpreet Brar,UNKNOWN,0.0,Not Mentioned,Punjab Kings,0.0,unsold
Atharva Taide,UNKNOWN,0.0,Not Mentioned,Punjab Kings,0.0,unsold
Vidwath Kaverappa,UNKNOWN,0.0,Not Mentioned,Punjab Kings,0.0,unsold
Rishi Dhawan,UNKNOWN,0.0,Not Mentioned,Punjab Kings,0.0,unsold
Kagiso Rabada,UNKNOWN,0.0,Not Mentioned,Punjab Kings,0.0,unsold
Sam Curran,UNKNOWN,0.0,Not Mentioned,Punjab Kings,0.0,unsold
Nathan Ellis,UNKNOWN,0.0,Not Mentioned,Punjab Kings,0.0,unsold
Sikandar Raza,UNKNOWN,0.0,Not Mentioned,Punjab Kings,0.0,unsold
Devdutt Padikkal,UNKNOWN,0.0,Not Mentioned,Lucknow Super Giants,0.0,unsold
Shivam Mavi,BOWLER,6.4,GT,Lucknow Super Giants,0.5,sold
M. Siddharth,BOWLER,2.4,Not Mentioned,Lucknow Super Giants,0.2,sold
David Willey,ALL-ROUNDER,2.0,RCB,Lucknow Super Giants,2.0,sold
Ashton Turner,BATTER,1.0,Not Mentioned,Lucknow Super Giants,1.0,sold
Mohd. Arshad Khan,ALL-ROUNDER,0.2,MI,Lucknow Super Giants,0.2,sold
Arshin Kulkarni,ALL-ROUNDER,0.2,Not Mentioned,Lucknow Super Giants,0.2,sold
KL Rahul,UNKNOWN,0.0,Not Mentioned,Lucknow Super Giants,0.0,unsold
Quinton de Kock,UNKNOWN,0.0,Not Mentioned,Lucknow Super Giants,0.0,unsold
Nicholas Pooran,UNKNOWN,0.0,Not Mentioned,Lucknow Super Giants,0.0,unsold
Ayush Badoni,UNKNOWN,0.0,Not Mentioned,Lucknow Super Giants,0.0,unsold
Kyle Mayers,UNKNOWN,0.0,Not Mentioned,Lucknow Super Giants,0.0,unsold
Marcus Stoinis,UNKNOWN,0.0,Not Mentioned,Lucknow Super Giants,0.0,unsold
Deepak Hooda,UNKNOWN,0.0,Not Mentioned,Lucknow Super Giants,0.0,unsold
Ravi Bishnoi,UNKNOWN,0.0,Not Mentioned,Lucknow Super Giants,0.0,unsold
Naveen-ul-Haq,UNKNOWN,0.0,Not Mentioned,Lucknow Super Giants,0.0,unsold
Krunal Pandya,UNKNOWN,0.0,Not Mentioned,Lucknow Super Giants,0.0,unsold
Yudhvir Singh,UNKNOWN,0.0,Not Mentioned,Lucknow Super Giants,0.0,unsold
Prerak Mankad,UNKNOWN,0.0,Not Mentioned,Lucknow Super Giants,0.0,unsold
Yash Thakur,UNKNOWN,0.0,Not Mentioned,Lucknow Super Giants,0.0,unsold
Amit Mishra,UNKNOWN,0.0,Not Mentioned,Lucknow Super Giants,0.0,unsold
Mark Wood,UNKNOWN,0.0,Not Mentioned,Lucknow Super Giants,0.0,unsold
Mayank Yadav,UNKNOWN,0.0,Not Mentioned,Lucknow Super Giants,0.0,unsold
Mohsin Khan,UNKNOWN,0.0,Not Mentioned,Lucknow Super Giants,0.0,unsold
Hardik Pandya,UNKNOWN,0.0,Not Mentioned,Mumbai Indians,0.0,unsold
Romario Shepherd,UNKNOWN,0.0,Not Mentioned,Mumbai Indians,0.0,unsold
Gerald Coetzee,ALL-ROUNDER,5.0,Not Mentioned,Mumbai Indians,2.0,sold
Nuwan Thushara,BOWLER,4.8,Not Mentioned,Mumbai Indians,0.5,sold
Mohammad Nabi,ALL-ROUNDER,1.5,Not Mentioned,Mumbai Indians,1.5,sold
Shreyas Gopal,BOWLER,0.2,Not Mentioned,Mumbai Indians,0.2,sold
Naman Dhir,ALL-ROUNDER,0.2,Not Mentioned,Mumbai Indians,0.2,sold
Anshul Kamboj,ALL-ROUNDER,0.2,Not Mentioned,Mumbai Indians,0.2,sold
Shivalik Sharma,ALL-ROUNDER,0.2,Not Mentioned,Mumbai Indians,0.2,sold
Dilshan Madushanka,BOWLER,4.6,Not Mentioned,Mumbai Indians,0.5,sold
Rohit Sharma,UNKNOWN,0.0,Not Mentioned,Mumbai Indians,0.0,unsold
Dewald Brevis,UNKNOWN,0.0,Not Mentioned,Mumbai Indians,0.0,unsold
Suryakumar Yadav,UNKNOWN,0.0,Not Mentioned,Mumbai Indians,0.0,unsold
Ishan Kishan,UNKNOWN,0.0,Not Mentioned,Mumbai Indians,0.0,unsold
Tilak Varma,UNKNOWN,0.0,Not Mentioned,Mumbai Indians,0.0,unsold
Tim David,UNKNOWN,0.0,Not Mentioned,Mumbai Indians,0.0,unsold
Vishnu Vinod,UNKNOWN,0.0,Not Mentioned,Mumbai Indians,0.0,unsold
Arjun Tendulkar,UNKNOWN,0.0,Not Mentioned,Mumbai Indians,0.0,unsold
Cameron Green,UNKNOWN,0.0,Not Mentioned,Mumbai Indians,0.0,unsold
Shams Mulani,UNKNOWN,0.0,Not Mentioned,Mumbai Indians,0.0,unsold
Nehal Wadhera,UNKNOWN,0.0,Not Mentioned,Mumbai Indians,0.0,unsold
Jasprit Bumrah,UNKNOWN,0.0,Not Mentioned,Mumbai Indians,0.0,unsold
Kumar Kartikeya,UNKNOWN,0.0,Not Mentioned,Mumbai Indians,0.0,unsold
Piyush Chawla,UNKNOWN,0.0,Not Mentioned,Mumbai Indians,0.0,unsold
Akash Madhwal,UNKNOWN,0.0,Not Mentioned,Mumbai Indians,0.0,unsold
Jason Behrendorff,UNKNOWN,0.0,Not Mentioned,Mumbai Indians,0.0,unsold
Mayank Dagar,UNKNOWN,0.0,Not Mentioned,Royal Challengers Banglore,0.0,unsold
Cameron Green,UNKNOWN,0.0,Not Mentioned,Royal Challengers Banglore,0.0,unsold
Alzarri Joseph,BOWLER,11.5,GT,Royal Challengers Banglore,1.0,sold
Yash Dayal,BOWLER,5.0,GT,Royal Challengers Banglore,0.2,sold
Lockie Ferguson,BOWLER,2.0,KKR,Royal Challengers Banglore,2.0,sold
Tom Curran,ALL-ROUNDER,1.5,Not Mentioned,Royal Challengers Banglore,1.5,sold
Saurav Chuahan,BATTER,0.2,Not Mentioned,Royal Challengers Banglore,0.2,sold
Swapnil Singh,ALL-ROUNDER,0.2,LSG,Royal Challengers Banglore,0.2,sold
Faf du Plessis,UNKNOWN,0.0,Not Mentioned,Royal Challengers Banglore,0.0,unsold
Glenn Maxwell,UNKNOWN,0.0,Not Mentioned,Royal Challengers Banglore,0.0,unsold
Virat Kohli,UNKNOWN,0.0,Not Mentioned,Royal Challengers Banglore,0.0,unsold
Rajat Patidar,UNKNOWN,0.0,Not Mentioned,Royal Challengers Banglore,0.0,unsold
Anuj Rawat,UNKNOWN,0.0,Not Mentioned,Royal Challengers Banglore,0.0,unsold
Dinesh Karthik,UNKNOWN,0.0,Not Mentioned,Royal Challengers Banglore,0.0,unsold
Suyash Prabhudessai,UNKNOWN,0.0,Not Mentioned,Royal Challengers Banglore,0.0,unsold
Will Jacks,UNKNOWN,0.0,Not Mentioned,Royal Challengers Banglore,0.0,unsold
Mahipal Lomror,UNKNOWN,0.0,Not Mentioned,Royal Challengers Banglore,0.0,unsold
Karn Sharma,UNKNOWN,0.0,Not Mentioned,Royal Challengers Banglore,0.0,unsold
Manoj Bhandage,UNKNOWN,0.0,Not Mentioned,Royal Challengers Banglore,0.0,unsold
Vyshak Vijaykumar,UNKNOWN,0.0,Not Mentioned,Royal Challengers Banglore,0.0,unsold
Akash Deep,UNKNOWN,0.0,Not Mentioned,Royal Challengers Banglore,0.0,unsold
Mohammed Siraj,UNKNOWN,0.0,Not Mentioned,Royal Challengers Banglore,0.0,unsold
Reece Topley,UNKNOWN,0.0,Not Mentioned,Royal Challengers Banglore,0.0,unsold
Himanshu Sharma,UNKNOWN,0.0,Not Mentioned,Royal Challengers Banglore,0.0,unsold
Rajan Kumar,UNKNOWN,0.0,Not Mentioned,Royal Challengers Banglore,0.0,unsold
Avesh Khan,UNKNOWN,0.0,Not Mentioned,Rajasthan Royals,0.0,unsold
Rovman Powell,BATTER,7.4,DC,Rajasthan Royals,1.0,sold
Shubham Dubey,BATTER,5.8,Not Mentioned,Rajasthan Royals,0.2,sold
Nandre Burger,BOWLER,0.5,Not Mentioned,Rajasthan Royals,0.5,sold
Tom Kohler-Cadmore,WICKETKEEPER,0.4,Not Mentioned,Rajasthan Royals,0.4,sold
Abid Mushtaq,ALL-ROUNDER,0.2,Not Mentioned,Rajasthan Royals,0.2,sold
Sanju Samson,UNKNOWN,0.0,Not Mentioned,Rajasthan Royals,0.0,unsold
Jos Buttler,UNKNOWN,0.0,Not Mentioned,Rajasthan Royals,0.0,unsold
Shimron Hetmyer,UNKNOWN,0.0,Not Mentioned,Rajasthan Royals,0.0,unsold
Yashasvi Jaiswal,UNKNOWN,0.0,Not Mentioned,Rajasthan Royals,0.0,unsold
Dhruv Jurel,UNKNOWN,0.0,Not Mentioned,Rajasthan Royals,0.0,unsold
Riyan Parag,UNKNOWN,0.0,Not Mentioned,Rajasthan Royals,0.0,unsold
Donovan Ferreira,UNKNOWN,0.0,Not Mentioned,Rajasthan Royals,0.0,unsold
Kunal Rathore,UNKNOWN,0.0,Not Mentioned,Rajasthan Royals,0.0,unsold
Ravichandran Ashwin,UNKNOWN,0.0,Not Mentioned,Rajasthan Royals,0.0,unsold
Kuldeep Sen,UNKNOWN,0.0,Not Mentioned,Rajasthan Royals,0.0,unsold
Navdeep Saini,UNKNOWN,0.0,Not Mentioned,Rajasthan Royals,0.0,unsold
Prasidh Krishna,UNKNOWN,0.0,Not Mentioned,Rajasthan Royals,0.0,unsold
Sandeep Sharma,UNKNOWN,0.0,Not Mentioned,Rajasthan Royals,0.0,unsold
Trent Boult,UNKNOWN,0.0,Not Mentioned,Rajasthan Royals,0.0,unsold
Yuzvendra Chahal,UNKNOWN,0.0,Not Mentioned,Rajasthan Royals,0.0,unsold
Adam Zampa,UNKNOWN,0.0,Not Mentioned,Rajasthan Royals,0.0,unsold
Shahbaz Ahmed,UNKNOWN,0.0,Not Mentioned,Sunrisers Hyderabad,0.0,unsold
Pat Cummins,ALL-ROUNDER,20.5,Not Mentioned,Sunrisers Hyderabad,2.0,sold
Travis Head,BATTER,6.8,Not Mentioned,Sunrisers Hyderabad,2.0,sold
Jaydev Unadkat,BOWLER,1.6,LSG,Sunrisers Hyderabad,0.5,sold
Wanindu Hasaranga,ALL-ROUNDER,1.5,RCB,Sunrisers Hyderabad,1.5,sold
Akash Singh,BOWLER,0.2,CSK,Sunrisers Hyderabad,0.2,sold
Jhathavedh Subramanyan,BOWLER,0.2,Not Mentioned,Sunrisers Hyderabad,0.2,sold
Abdul Samad,UNKNOWN,0.0,Not Mentioned,Sunrisers Hyderabad,0.0,unsold
Aiden Markram,UNKNOWN,0.0,Not Mentioned,Sunrisers Hyderabad,0.0,unsold
Rahul Tripathi,UNKNOWN,0.0,Not Mentioned,Sunrisers Hyderabad,0.0,unsold
Glenn Phillips,UNKNOWN,0.0,Not Mentioned,Sunrisers Hyderabad,0.0,unsold
Heinrich Klaasen,UNKNOWN,0.0,Not Mentioned,Sunrisers Hyderabad,0.0,unsold
Mayank Agarwal,UNKNOWN,0.0,Not Mentioned,Sunrisers Hyderabad,0.0,unsold
Anmolpreet Singh,UNKNOWN,0.0,Not Mentioned,Sunrisers Hyderabad,0.0,unsold
Upendra Singh Yadav,UNKNOWN,0.0,Not Mentioned,Sunrisers Hyderabad,0.0,unsold
Nitish Kumar Reddy,UNKNOWN,0.0,Not Mentioned,Sunrisers Hyderabad,0.0,unsold
Abhishek Sharma,UNKNOWN,0.0,Not Mentioned,Sunrisers Hyderabad,0.0,unsold
Marco Jansen,UNKNOWN,0.0,Not Mentioned,Sunrisers Hyderabad,0.0,unsold
Washington Sundar,UNKNOWN,0.0,Not Mentioned,Sunrisers Hyderabad,0.0,unsold
Sanvir Singh,UNKNOWN,0.0,Not Mentioned,Sunrisers Hyderabad,0.0,unsold
Bhuvneshwar Kumar,UNKNOWN,0.0,Not Mentioned,Sunrisers Hyderabad,0.0,unsold
T Natarajan,UNKNOWN,0.0,Not Mentioned,Sunrisers Hyderabad,0.0,unsold
Mayank Markande,UNKNOWN,0.0,Not Mentioned,Sunrisers Hyderabad,0.0,unsold
Umran Malik,UNKNOWN,0.0,Not Mentioned,Sunrisers Hyderabad,0.0,unsold
Fazalhaq Farooqi,UNKNOWN,0.0,Not Mentioned,Sunrisers Hyderabad,0.0,unsold
Karun Nair,BATTER,0.0,LSG,Unsold,0.5,unsold
Steve Smith,BATTER,0.0,Not Mentioned,Unsold,2.0,unsold
Josh Inglis,WICKETKEEPER,0.0,Not Mentioned,Unsold,2.0,unsold
Kusal Mendis,WICKETKEEPER,0.0,Not Mentioned,Unsold,0.5,unsold
Philip Salt,WICKETKEEPER,0.0,DC,Unsold,1.5,unsold
Josh Hazlewood,BOWLER,0.0,RCB,Unsold,2.0,unsold
Akeal Hosein,BOWLER,0.0,SRH,Unsold,0.5,unsold
Adil Rashid,BOWLER,0.0,SRH,Unsold,2.0,unsold
Mohammad Waqar Salamkheil,BOWLER,0.0,Not Mentioned,Unsold,0.5,unsold
Tabraiz Shamsi,BOWLER,0.0,Not Mentioned,Unsold,0.5,unsold
Ish Sodhi,BOWLER,0.0,Not Mentioned,Unsold,0.75,unsold
Priyansh Arya,BATTER,0.0,Not Mentioned,Unsold,0.2,unsold
Rohan Kunnummal,BATTER,0.0,Not Mentioned,Unsold,0.2,unsold
Manan Vohra,BATTER,0.0,LSG,Unsold,0.2,unsold
Raj Angad Bawa,ALL-ROUNDER,0.0,PBKS,Unsold,0.2,unsold
Sarfaraz Khan,ALL-ROUNDER,0.0,DC,Unsold,0.2,unsold
Vivrant Sharma,ALL-ROUNDER,0.0,SRH,Unsold,0.2,unsold
Atit Sheth,ALL-ROUNDER,0.0,Not Mentioned,Unsold,0.2,unsold
Hrithik Shokeen,ALL-ROUNDER,0.0,MI,Unsold,0.2,unsold
Urvil Patel,WICKETKEEPER,0.0,GT,Unsold,0.2,unsold
Vishnu Solanki,WICKETKEEPER,0.0,Not Mentioned,Unsold,0.2,unsold
Ishan Porel,BOWLER,0.0,Not Mentioned,Unsold,0.2,unsold
Kuldip Yadav,BOWLER,0.0,RR,Unsold,0.2,unsold
Murgan Ashwin,BOWLER,0.0,RR,Unsold,0.2,unsold
Pulkit Narang,BOWLER,0.0,Not Mentioned,Unsold,0.2,unsold
Shiva Singh,BOWLER,0.0,Not Mentioned,Unsold,0.2,unsold
Finn Allen,BATTER,0.0,RCB,Unsold,0.75,unsold
Alick Athanaze,BATTER,0.0,Not Mentioned,Unsold,0.5,unsold
Mark Chapman,BATTER,0.0,Not Mentioned,Unsold,0.5,unsold
Samuel Hain,BATTER,0.0,Not Mentioned,Unsold,0.5,unsold
Reeza Hendricks,BATTER,0.0,Not Mentioned,Unsold,0.5,unsold
Brandon King,BATTER,0.0,Not Mentioned,Unsold,0.5,unsold
Colin Munro,BATTER,0.0,Not Mentioned,Unsold,1.5,unsold
Rassie Van Der Dussen,BATTER,0.0,Not Mentioned,Unsold,2.0,unsold
James Vince,BATTER,0.0,Not Mentioned,Unsold,2.0,unsold
Ibrahim Zadran,BATTER,0.0,Not Mentioned,Unsold,0.5,unsold
Najibullah Zadran,BATTER,0.0,Not Mentioned,Unsold,0.5,unsold
Sean Abbott,ALL-ROUNDER,0.0,Not Mentioned,Unsold,2.0,unsold
Ashton Agar,ALL-ROUNDER,0.0,Not Mentioned,Unsold,1.0,unsold
Wesley Agar,ALL-ROUNDER,0.0,Not Mentioned,Unsold,0.5,unsold
Qais Ahamad,ALL-ROUNDER,0.0,Not Mentioned,Unsold,0.5,unsold
Rehan Ahmed,ALL-ROUNDER,0.0,Not Mentioned,Unsold,0.5,unsold
Fabian Allen,ALL-ROUNDER,0.0,Not Mentioned,Unsold,0.75,unsold
Charith Asalanka,ALL-ROUNDER,0.0,Not Mentioned,Unsold,0.5,unsold
Michael Bracewell,ALL-ROUNDER,0.0,RCB,Unsold,1.0,unsold
Brydon Carse,ALL-ROUNDER,0.0,Not Mentioned,Unsold,0.5,unsold
Ben Cutting,ALL-ROUNDER,0.0,Not Mentioned,Unsold,0.5,unsold
Matthew Forde,ALL-ROUNDER,0.0,Not Mentioned,Unsold,0.5,unsold
George Garton,ALL-ROUNDER,0.0,Not Mentioned,Unsold,0.5,unsold
Jason Holder,ALL-ROUNDER,0.0,RR,Unsold,1.5,unsold
George Linde,ALL-ROUNDER,0.0,Not Mentioned,Unsold,0.5,unsold
Keshav Maharaj,ALL-ROUNDER,0.0,Not Mentioned,Unsold,0.5,unsold
Wiaan Mulder,ALL-ROUNDER,0.0,Not Mentioned,Unsold,0.5,unsold
James Neesham,ALL-ROUNDER,0.0,Not Mentioned,Unsold,1.5,unsold
Jamie Overton,ALL-ROUNDER,0.0,Not Mentioned,Unsold,2.0,unsold
Keemo Paul,ALL-ROUNDER,0.0,Not Mentioned,Unsold,0.75,unsold
Dwaine Pretorius,ALL-ROUNDER,0.0,CSK,Unsold,1.0,unsold
Daniel Sams,ALL-ROUNDER,0.0,LSG,Unsold,1.5,unsold
Dasun Shanaka,ALL-ROUNDER,0.0,GT,Unsold,0.5,unsold
Matthew Short,ALL-ROUNDER,0.0,Not Mentioned,Unsold,0.5,unsold
Odean Smith,ALL-ROUNDER,0.0,GT,Unsold,0.5,unsold
Hanuma Vihari,ALL-ROUNDER,0.0,Not Mentioned,Unsold,0.5,unsold
Sam Billings,WICKETKEEPER,0.0,Not Mentioned,Unsold,1.0,unsold
Johnson Charles,WICKETKEEPER,0.0,Not Mentioned,Unsold,0.5,unsold
Ben Duckett,WICKETKEEPER,0.0,Not Mentioned,Unsold,2.0,unsold
Varun Aaron,BOWLER,0.0,Not Mentioned,Unsold,0.5,unsold
Fareed Ahmad,BOWLER,0.0,Not Mentioned,Unsold,0.5,unsold
Taskin Ahmed,BOWLER,0.0,Not Mentioned,Unsold,0.75,unsold
Dushmanta Chameera,BOWLER,0.0,Not Mentioned,Unsold,0.5,unsold
Ben Dwarshuis,BOWLER,0.0,Not Mentioned,Unsold,0.5,unsold
Richard Gleeson,BOWLER,0.0,Not Mentioned,Unsold,0.5,unsold
Matt Henry,BOWLER,0.0,Not Mentioned,Unsold,0.75,unsold
Md Shoriful Islam,BOWLER,0.0,Not Mentioned,Unsold,0.5,unsold
Kyle Jamieson,BOWLER,0.0,CSK,Unsold,1.0,unsold
Chris Jordan,BOWLER,0.0,MI,Unsold,1.5,unsold
Siddharth Kaul,BOWLER,0.0,RCB,Unsold,0.5,unsold
Lahiru Kumara,BOWLER,0.0,Not Mentioned,Unsold,0.5,unsold
Obed Mccoy,BOWLER,0.0,RR,Unsold,0.5,unsold
Riley Meredith,BOWLER,0.0,MI,Unsold,1.0,unsold
Tymal Mills,BOWLER,0.0,Not Mentioned,Unsold,1.5,unsold
Adam Milne,BOWLER,0.0,CSK,Unsold,1.0,unsold
Lance Morris,BOWLER,0.0,Not Mentioned,Unsold,0.75,unsold
Blessing Muzarabani,BOWLER,0.0,Not Mentioned,Unsold,0.5,unsold
Richard Ngarava,BOWLER,0.0,Not Mentioned,Unsold,0.5,unsold
Wayne Parnell,BOWLER,0.0,RCB,Unsold,1.0,unsold
Ollie Robinson,BOWLER,0.0,Not Mentioned,Unsold,0.75,unsold
George Scrimshaw,BOWLER,0.0,Not Mentioned,Unsold,0.5,unsold
Tim Southee,BOWLER,0.0,KKR,Unsold,1.5,unsold
Barinder Sran,BOWLER,0.0,Not Mentioned,Unsold,0.5,unsold
Billy Stanlake,BOWLER,0.0,Not Mentioned,Unsold,0.75,unsold
Olly Stone,BOWLER,0.0,Not Mentioned,Unsold,0.75,unsold
Oshane Thomas,BOWLER,0.0,Not Mentioned,Unsold,0.5,unsold
Sandeep Warrier,BOWLER,0.0,MI,Unsold,0.5,unsold
Lizaad Williams,BOWLER,0.0,Not Mentioned,Unsold,0.5,unsold
Luke Wood,BOWLER,0.0,Not Mentioned,Unsold,0.5,unsold
Dinesh Bana,BATTER,0.0,Not Mentioned,Unsold,0.2,unsold
Rajat Dey,BATTER,0.0,Not Mentioned,Unsold,0.2,unsold
Abhimanyu Easwaran,BATTER,0.0,Not Mentioned,Unsold,0.2,unsold
Rithik Easwaran,BATTER,0.0,Not Mentioned,Unsold,0.2,unsold
Chirag Gandhi,BATTER,0.0,Not Mentioned,Unsold,0.2,unsold
Nikhil Gangta,BATTER,0.0,Not Mentioned,Unsold,0.2,unsold
Sudip Gharami,BATTER,0.0,Not Mentioned,Unsold,0.2,unsold
Ansh Gosai,BATTER,0.0,Not Mentioned,Unsold,0.2,unsold
Azim Kazi,BATTER,0.0,Not Mentioned,Unsold,0.2,unsold
Amandeep Khare,BATTER,0.0,Not Mentioned,Unsold,0.2,unsold
Ankit Kumar,BATTER,0.0,Not Mentioned,Unsold,0.2,unsold
Bhupen Lalwani,BATTER,0.0,Not Mentioned,Unsold,0.2,unsold
Pukhraj Mann,BATTER,0.0,Not Mentioned,Unsold,0.2,unsold
Tanmay Mishra,BATTER,0.0,Not Mentioned,Unsold,0.2,unsold
Salman Nizar,BATTER,0.0,Not Mentioned,Unsold,0.2,unsold
Priyank Panchal,BATTER,0.0,Not Mentioned,Unsold,0.2,unsold
Akshat Raghuwanshi,BATTER,0.0,Not Mentioned,Unsold,0.2,unsold
Ekant Sen,BATTER,0.0,Not Mentioned,Unsold,0.2,unsold
Subhranshu Senapati,BATTER,0.0,CSK,Unsold,0.2,unsold
Naushad Shaikh,BATTER,0.0,Not Mentioned,Unsold,0.2,unsold
Dhruv Shorey,BATTER,0.0,Not Mentioned,Unsold,0.2,unsold
Himmat Singh,BATTER,0.0,Not Mentioned,Unsold,0.2,unsold
Virat Singh,BATTER,0.0,Not Mentioned,Unsold,0.2,unsold
Shashank Singh,BATTER,0.0,Not Mentioned,Unsold,0.2,unsold
Sumeet Verma,BATTER,0.0,Not Mentioned,Unsold,0.2,unsold
P.A. Abdul,ALL-ROUNDER,0.0,RR,Unsold,0.2,unsold
Murugan Abhishek,ALL-ROUNDER,0.0,Not Mentioned,Unsold,0.2,unsold
Atharva Ankolekar,ALL-ROUNDER,0.0,Not Mentioned,Unsold,0.2,unsold
Baba Aparajith,ALL-ROUNDER,0.0,Not Mentioned,Unsold,0.2,unsold
Jass Inder Baidwan,ALL-ROUNDER,0.0,Not Mentioned,Unsold,0.2,unsold
Corbin Bosch,ALL-ROUNDER,0.0,Not Mentioned,Unsold,0.3,unsold
Rahul Buddhi,ALL-ROUNDER,0.0,Not Mentioned,Unsold,0.2,unsold
Vaisakh Chandran,ALL-ROUNDER,0.0,Not Mentioned,Unsold,0.2,unsold
Writtick Chatterjee,ALL-ROUNDER,0.0,Not Mentioned,Unsold,0.2,unsold
Raj Chaudhary,ALL-ROUNDER,0.0,Not Mentioned,Unsold,0.2,unsold
Ravi Chauhan,ALL-ROUNDER,0.0,Not Mentioned,Unsold,0.2,unsold
Ashwin Das,ALL-ROUNDER,0.0,Not Mentioned,Unsold,0.2,unsold
Aarya Desai,ALL-ROUNDER,0.0,KKR,Unsold,0.2,unsold
Vineet Dhankhar,ALL-ROUNDER,0.0,Not Mentioned,Unsold,0.2,unsold
Harsh Dubey,ALL-ROUNDER,0.0,Not Mentioned,Unsold,0.2,unsold
Prerit Dutta,ALL-ROUNDER,0.0,Not Mentioned,Unsold,0.2,unsold
Jake Fraser-Mcgurk,ALL-ROUNDER,0.0,Not Mentioned,Unsold,0.2,unsold
Shubhang Hegde,ALL-ROUNDER,0.0,Not Mentioned,Unsold,0.2,unsold
Benny Howell,ALL-ROUNDER,0.0,Not Mentioned,Unsold,0.4,unsold
Saransh Jain,ALL-ROUNDER,0.0,Not Mentioned,Unsold,0.2,unsold
Duan Jansen,ALL-ROUNDER,0.0,MI,Unsold,0.2,unsold
Mohammad Kaif,ALL-ROUNDER,0.0,Not Mentioned,Unsold,0.2,unsold
Aman Khan,ALL-ROUNDER,0.0,DC,Unsold,0.2,unsold
Mohd Arslan Khan,ALL-ROUNDER,0.0,Not Mentioned,Unsold,0.2,unsold
Musheer Khan,ALL-ROUNDER,0.0,Not Mentioned,Unsold,0.2,unsold
Tanush Kotian,ALL-ROUNDER,0.0,Not Mentioned,Unsold,0.2,unsold
Manvanth Kumar,ALL-ROUNDER,0.0,Not Mentioned,Unsold,0.2,unsold
Saurabh Kumar,ALL-ROUNDER,0.0,Not Mentioned,Unsold,0.2,unsold
Dev Lakra,ALL-ROUNDER,0.0,Not Mentioned,Unsold,0.2,unsold
Nasir Lone,ALL-ROUNDER,0.0,Not Mentioned,Unsold,0.2,unsold
Kaushik Maity,ALL-ROUNDER,0.0,Not Mentioned,Unsold,0.2,unsold
Divij Mehra,ALL-ROUNDER,0.0,Not Mentioned,Unsold,0.2,unsold
Mani Sankar Mura Singh,ALL-ROUNDER,0.0,Not Mentioned,Unsold,0.2,unsold
Kamlesh Nagarkoti,ALL-ROUNDER,0.0,DC,Unsold,0.3,unsold
Sanjay Pahal,ALL-ROUNDER,0.0,Not Mentioned,Unsold,0.2,unsold
Jitender Pal,ALL-ROUNDER,0.0,Not Mentioned,Unsold,0.2,unsold
Saumy Pandey,ALL-ROUNDER,0.0,Not Mentioned,Unsold,0.2,unsold
Ansh Patel,ALL-ROUNDER,0.0,Not Mentioned,Unsold,0.2,unsold
Sairaj Patil,ALL-ROUNDER,0.0,Not Mentioned,Unsold,0.2,unsold
Pradosh Paul,ALL-ROUNDER,0.0,Not Mentioned,Unsold,0.2,unsold
Shubham Singh Pundir,ALL-ROUNDER,0.0,Not Mentioned,Unsold,0.2,unsold
Atal Rai,ALL-ROUNDER,0.0,Not Mentioned,Unsold,0.2,unsold
Abhimanyusingh Rajput,ALL-ROUNDER,0.0,Not Mentioned,Unsold,0.2,unsold
Mohit Rathee,ALL-ROUNDER,0.0,PBKS,Unsold,0.2,unsold
Ninad Rathva,ALL-ROUNDER,0.0,Not Mentioned,Unsold,0.2,unsold
Rohit Rayudu,ALL-ROUNDER,0.0,Not Mentioned,Unsold,0.2,unsold
Aniketh Reddy,ALL-ROUNDER,0.0,Not Mentioned,Unsold,0.2,unsold
Mohit Redkar,ALL-ROUNDER,0.0,Not Mentioned,Unsold,0.2,unsold
Jalaj Saxena,ALL-ROUNDER,0.0,Not Mentioned,Unsold,0.4,unsold
Akash Sengupta,ALL-ROUNDER,0.0,Not Mentioned,Unsold,0.2,unsold
Suryansh Shedge,ALL-ROUNDER,0.0,Not Mentioned,Unsold,0.2,unsold
Aradhya Shukla,ALL-ROUNDER,0.0,Not Mentioned,Unsold,0.2,unsold
Utkarsh Singh,ALL-ROUNDER,0.0,Not Mentioned,Unsold,0.2,unsold
Prenelan Subrayen,ALL-ROUNDER,0.0,Not Mentioned,Unsold,0.2,unsold
Ravi Teja,ALL-ROUNDER,0.0,Not Mentioned,Unsold,0.2,unsold
Akash Vashisht,ALL-ROUNDER,0.0,Not Mentioned,Unsold,0.2,unsold
David Wiese,ALL-ROUNDER,0.0,KKR,Unsold,1.0,unsold
Mohit Ahlawat,WICKETKEEPER,0.0,Not Mentioned,Unsold,0.2,unsold
G. Ajitesh,WICKETKEEPER,0.0,Not Mentioned,Unsold,0.2,unsold
L.R. Chethan,WICKETKEEPER,0.0,Not Mentioned,Unsold,0.2,unsold
Gourav Choudhary,WICKETKEEPER,0.0,Not Mentioned,Unsold,0.2,unsold
Harvik Desai,WICKETKEEPER,0.0,Not Mentioned,Unsold,0.2,unsold
Shakir Gandhi,WICKETKEEPER,0.0,Not Mentioned,Unsold,0.2,unsold
Sumit Ghadigaonkar,WICKETKEEPER,0.0,Not Mentioned,Unsold,0.2,unsold
Baba Indrajith,WICKETKEEPER,0.0,Not Mentioned,Unsold,0.2,unsold
Bhagmender Lather,WICKETKEEPER,0.0,Not Mentioned,Unsold,0.2,unsold
Anmol Malhotra,WICKETKEEPER,0.0,Not Mentioned,Unsold,0.2,unsold
Darshan Misal,WICKETKEEPER,0.0,Not Mentioned,Unsold,0.2,unsold
Nikhil Naik,WICKETKEEPER,0.0,Not Mentioned,Unsold,0.2,unsold
Prasad Pawar,WICKETKEEPER,0.0,Not Mentioned,Unsold,0.2,unsold
Mahesh Pithiya,WICKETKEEPER,0.0,Not Mentioned,Unsold,0.2,unsold
William Salzmann,WICKETKEEPER,0.0,Not Mentioned,Unsold,0.2,unsold
Bipin Saurabh,WICKETKEEPER,0.0,Not Mentioned,Unsold,0.2,unsold
B.R. Sharath,WICKETKEEPER,0.0,Not Mentioned,Unsold,0.2,unsold
K.L. Shrijith,WICKETKEEPER,0.0,Not Mentioned,Unsold,0.2,unsold
Avneesh Sudha,WICKETKEEPER,0.0,Not Mentioned,Unsold,0.2,unsold
Aditya Tare,WICKETKEEPER,0.0,Not Mentioned,Unsold,0.2,unsold
Nihal Ullal,WICKETKEEPER,0.0,Not Mentioned,Unsold,0.2,unsold
K.M Asif,BOWLER,0.0,RR,Unsold,0.2,unsold
Mohit Avasthi,BOWLER,0.0,Not Mentioned,Unsold,0.2,unsold
Ottneil Baartman,BOWLER,0.0,Not Mentioned,Unsold,0.2,unsold
Basit Bashir,BOWLER,0.0,Not Mentioned,Unsold,0.2,unsold
Waseem Bashir,BOWLER,0.0,Not Mentioned,Unsold,0.2,unsold
Sachin Bhosale,BOWLER,0.0,Not Mentioned,Unsold,0.2,unsold
Devendra Singh Bora,BOWLER,0.0,Not Mentioned,Unsold,0.2,unsold
Gurnoor Singh Brar,BOWLER,0.0,PBKS,Unsold,0.2,unsold
Saurabh Dubey,BOWLER,0.0,Not Mentioned,Unsold,0.2,unsold
Mrinmoy Dutta,BOWLER,0.0,Not Mentioned,Unsold,0.2,unsold
Vishal Godara,BOWLER,0.0,Not Mentioned,Unsold,0.2,unsold
Money Grewal,BOWLER,0.0,Not Mentioned,Unsold,0.2,unsold
Arpit Guleria,BOWLER,0.0,LSG,Unsold,0.2,unsold
Mukhtar Hussain,BOWLER,0.0,Not Mentioned,Unsold,0.2,unsold
Shamar Joseph,BOWLER,0.0,Not Mentioned,Unsold,0.2,unsold
Mohammed Kaif,BOWLER,0.0,Not Mentioned,Unsold,0.2,unsold
Shubham Kapse,BOWLER,0.0,Not Mentioned,Unsold,0.2,unsold
Devang Karamta,BOWLER,0.0,Not Mentioned,Unsold,0.2,unsold
Kulwant Khejroliya,BOWLER,0.0,KKR,Unsold,0.2,unsold
Ravi Kumar,BOWLER,0.0,Not Mentioned,Unsold,0.2,unsold
Ashwani Kumar,BOWLER,0.0,Not Mentioned,Unsold,0.2,unsold
Raj Limbani,BOWLER,0.0,Not Mentioned,Unsold,0.2,unsold
Kwena Maphaka,BOWLER,0.0,Not Mentioned,Unsold,0.2,unsold
Lukman Hussain Meriwala,BOWLER,0.0,Not Mentioned,Unsold,0.2,unsold
Venkatesh Muralidhara,BOWLER,0.0,Not Mentioned,Unsold,0.2,unsold
William O'Rourke,BOWLER,0.0,Not Mentioned,Unsold,0.2,unsold
Rakshan Readdi,BOWLER,0.0,Not Mentioned,Unsold,0.2,unsold
Manish Reddy,BOWLER,0.0,Not Mentioned,Unsold,0.2,unsold
Monish Reddy,BOWLER,0.0,Not Mentioned,Unsold,0.2,unsold
Akhin Sathar,BOWLER,0.0,Not Mentioned,Unsold,0.2,unsold
Divesh Sharma,BOWLER,0.0,Not Mentioned,Unsold,0.2,unsold
Ashok Sharma,BOWLER,0.0,Not Mentioned,Unsold,0.2,unsold
Abhilash Shetty,BOWLER,0.0,Not Mentioned,Unsold,0.2,unsold
Rahul Shukla,BOWLER,0.0,Not Mentioned,Unsold,0.2,unsold
Manit Singh,BOWLER,0.0,Not Mentioned,Unsold,0.2,unsold
Gurjapneet Singh,BOWLER,0.0,Not Mentioned,Unsold,0.2,unsold
Basil Thampi,BOWLER,0.0,Not Mentioned,Unsold,0.3,unsold
Paul Van Meekeren,BOWLER,0.0,Not Mentioned,Unsold,0.2,unsold
Nitin Verma,BOWLER,0.0,Not Mentioned,Unsold,0.2,unsold
Chris Wood,BOWLER,0.0,Not Mentioned,Unsold,0.2,unsold
Gourav Yadav,BOWLER,0.0,Not Mentioned,Unsold,0.2,unsold
Lalit Yadav,BOWLER,0.0,Not Mentioned,Unsold,0.3,unsold
Prithvi Raj Yarra,BOWLER,0.0,Not Mentioned,Unsold,0.2,unsold
Mujtaba Yousuf,BOWLER,0.0,Not Mentioned,Unsold,0.2,unsold
Shubham Agrawal,BOWLER,0.0,Not Mentioned,Unsold,0.2,unsold
Mustaq Beg,BOWLER,0.0,Not Mentioned,Unsold,0.2,unsold
K.C Cariappa,BOWLER,0.0,RR,Unsold,0.2,unsold
Ganesh Chaudhary,BOWLER,0.0,Not Mentioned,Unsold,0.2,unsold
Yuvraj Chudasama,BOWLER,0.0,Not Mentioned,Unsold,0.2,unsold
Jasmer Dhankhar,BOWLER,0.0,Not Mentioned,Unsold,0.2,unsold
Chintal Gandhi,BOWLER,0.0,Not Mentioned,Unsold,0.2,unsold
Allah Ghazanfar,BOWLER,0.0,Not Mentioned,Unsold,0.2,unsold
Raghav Goyal,BOWLER,0.0,MI,Unsold,0.2,unsold
Shreyas Gurav,BOWLER,0.0,Not Mentioned,Unsold,0.2,unsold
Vishu Kashyap,BOWLER,0.0,Not Mentioned,Unsold,0.2,unsold
S Midhun,BOWLER,0.0,Not Mentioned,Unsold,0.3,unsold
Izharulhuq Naveed,BOWLER,0.0,Not Mentioned,Unsold,0.3,unsold
Bhuwan Rohilla,BOWLER,0.0,Not Mentioned,Unsold,0.2,unsold
Shivam Sharma,BOWLER,0.0,Not Mentioned,Unsold,0.2,unsold
Digvesh Singh,BOWLER,0.0,Not Mentioned,Unsold,0.2,unsold
Jagadeesha Suchith,BOWLER,0.0,Not Mentioned,Unsold,0.2,unsold
B. Surya,BOWLER,0.0,Not Mentioned,Unsold,0.2,unsold
Pankaj Yadav,BOWLER,0.0,Not Mentioned,Unsold,0.2,unsold
Rohit Sharma,UNKNOWN,0.0,Not Mentioned,Unsold,0.0,unsold
Dewald Brevis,UNKNOWN,0.0,Not Mentioned,Unsold,0.0,unsold
Suryakumar Yadav,UNKNOWN,0.0,Not Mentioned,Unsold,0.0,unsold
Ishan Kishan,UNKNOWN,0.0,Not Mentioned,Unsold,0.0,unsold
Tilak Varma,UNKNOWN,0.0,Not Mentioned,Unsold,0.0,unsold
Tim David,UNKNOWN,0.0,Not Mentioned,Unsold,0.0,unsold
Vishnu Vinod,UNKNOWN,0.0,Not Mentioned,Unsold,0.0,unsold
Arjun Tendulkar,UNKNOWN,0.0,Not Mentioned,Unsold,0.0,unsold
Shams Mulani,UNKNOWN,0.0,Not Mentioned,Unsold,0.0,unsold
Nehal Wadhera,UNKNOWN,0.0,Not Mentioned,Unsold,0.0,unsold
Jasprit Bumrah,UNKNOWN,0.0,Not Mentioned,Unsold,0.0,unsold
Kumar Kartikeya,UNKNOWN,0.0,Not Mentioned,Unsold,0.0,unsold
Piyush Chawla,UNKNOWN,0.0,Not Mentioned,Unsold,0.0,unsold
Akash Madhwal,UNKNOWN,0.0,Not Mentioned,Unsold,0.0,unsold
Jason Behrendorff,UNKNOWN,0.0,Not Mentioned,Unsold,0.0,unsold
Faf du Plessis,UNKNOWN,0.0,Not Mentioned,Unsold,0.0,unsold
Glenn Maxwell,UNKNOWN,0.0,Not Mentioned,Unsold,0.0,unsold
Virat Kohli,UNKNOWN,0.0,Not Mentioned,Unsold,0.0,unsold
Rajat Patidar,UNKNOWN,0.0,Not Mentioned,Unsold,0.0,unsold
Anuj Rawat,UNKNOWN,0.0,Not Mentioned,Unsold,0.0,unsold
Dinesh Karthik,UNKNOWN,0.0,Not Mentioned,Unsold,0.0,unsold
Suyash Prabhudessai,UNKNOWN,0.0,Not Mentioned,Unsold,0.0,unsold
Will Jacks,UNKNOWN,0.0,Not Mentioned,Unsold,0.0,unsold
Mahipal Lomror,UNKNOWN,0.0,Not Mentioned,Unsold,0.0,unsold
Karn Sharma,UNKNOWN,0.0,Not Mentioned,Unsold,0.0,unsold
Manoj Bhandage,UNKNOWN,0.0,Not Mentioned,Unsold,0.0,unsold
Vyshak Vijaykumar,UNKNOWN,0.0,Not Mentioned,Unsold,0.0,unsold
Akash Deep,UNKNOWN,0.0,Not Mentioned,Unsold,0.0,unsold
Mohammed Siraj,UNKNOWN,0.0,Not Mentioned,Unsold,0.0,unsold
Reece Topley,UNKNOWN,0.0,Not Mentioned,Unsold,0.0,unsold
Himanshu Sharma,UNKNOWN,0.0,Not Mentioned,Unsold,0.0,unsold
Rajan Kumar,UNKNOWN,0.0,Not Mentioned,Unsold,0.0,unsold
David Miller,UNKNOWN,0.0,Not Mentioned,Unsold,0.0,unsold
Shubman Gill,UNKNOWN,0.0,Not Mentioned,Unsold,0.0,unsold
Matthew Wade,UNKNOWN,0.0,Not Mentioned,Unsold,0.0,unsold
Wriddhiman Saha,UNKNOWN,0.0,Not Mentioned,Unsold,0.0,unsold
Kane Williamson,UNKNOWN,0.0,Not Mentioned,Unsold,0.0,unsold
Abhinav Manohar,UNKNOWN,0.0,Not Mentioned,Unsold,0.0,unsold
B. Sai Sudharsan,UNKNOWN,0.0,Not Mentioned,Unsold,0.0,unsold
Darshan Nalkande,UNKNOWN,0.0,Not Mentioned,Unsold,0.0,unsold
Vijay Shankar,UNKNOWN,0.0,Not Mentioned,Unsold,0.0,unsold
Jayant Yadav,UNKNOWN,0.0,Not Mentioned,Unsold,0.0,unsold
Rahul Tewatia,UNKNOWN,0.0,Not Mentioned,Unsold,0.0,unsold
Mohammed Shami,UNKNOWN,0.0,Not Mentioned,Unsold,0.0,unsold
Noor Ahmad,UNKNOWN,0.0,Not Mentioned,Unsold,0.0,unsold
R. Sai Kishore,UNKNOWN,0.0,Not Mentioned,Unsold,0.0,unsold
Rashid Khan,UNKNOWN,0.0,Not Mentioned,Unsold,0.0,unsold
Joshua Little,UNKNOWN,0.0,Not Mentioned,Unsold,0.0,unsold
Mohit Sharma,UNKNOWN,0.0,Not Mentioned,Unsold,0.0,unsold
KL Rahul,UNKNOWN,0.0,Not Mentioned,Unsold,0.0,unsold
Quinton de Kock,UNKNOWN,0.0,Not Mentioned,Unsold,0.0,unsold
Nicholas Pooran,UNKNOWN,0.0,Not Mentioned,Unsold,0.0,unsold
Ayush Badoni,UNKNOWN,0.0,Not Mentioned,Unsold,0.0,unsold
Kyle Mayers,UNKNOWN,0.0,Not Mentioned,Unsold,0.0,unsold
Marcus Stoinis,UNKNOWN,0.0,Not Mentioned,Unsold,0.0,unsold
Deepak Hooda,UNKNOWN,0.0,Not Mentioned,Unsold,0.0,unsold
Ravi Bishnoi,UNKNOWN,0.0,Not Mentioned,Unsold,0.0,unsold
Naveen-ul-Haq,UNKNOWN,0.0,Not Mentioned,Unsold,0.0,unsold
Krunal Pandya,UNKNOWN,0.0,Not Mentioned,Unsold,0.0,unsold
Yudhvir Singh,UNKNOWN,0.0,Not Mentioned,Unsold,0.0,unsold
Prerak Mankad,UNKNOWN,0.0,Not Mentioned,Unsold,0.0,unsold
Yash Thakur,UNKNOWN,0.0,Not Mentioned,Unsold,0.0,unsold
Amit Mishra,UNKNOWN,0.0,Not Mentioned,Unsold,0.0,unsold
Mark Wood,UNKNOWN,0.0,Not Mentioned,Unsold,0.0,unsold
Mayank Yadav,UNKNOWN,0.0,Not Mentioned,Unsold,0.0,unsold
Mohsin Khan,UNKNOWN,0.0,Not Mentioned,Unsold,0.0,unsold
Abdul Samad,UNKNOWN,0.0,Not Mentioned,Unsold,0.0,unsold
Aiden Markram,UNKNOWN,0.0,Not Mentioned,Unsold,0.0,unsold
Rahul Tripathi,UNKNOWN,0.0,Not Mentioned,Unsold,0.0,unsold
Glenn Phillips,UNKNOWN,0.0,Not Mentioned,Unsold,0.0,unsold
Heinrich Klaasen,UNKNOWN,0.0,Not Mentioned,Unsold,0.0,unsold
Mayank Agarwal,UNKNOWN,0.0,Not Mentioned,Unsold,0.0,unsold
Anmolpreet Singh,UNKNOWN,0.0,Not Mentioned,Unsold,0.0,unsold
Upendra Singh Yadav,UNKNOWN,0.0,Not Mentioned,Unsold,0.0,unsold
Nitish Kumar Reddy,UNKNOWN,0.0,Not Mentioned,Unsold,0.0,unsold
Abhishek Sharma,UNKNOWN,0.0,Not Mentioned,Unsold,0.0,unsold
Marco Jansen,UNKNOWN,0.0,Not Mentioned,Unsold,0.0,unsold
Washington Sundar,UNKNOWN,0.0,Not Mentioned,Unsold,0.0,unsold
Sanvir Singh,UNKNOWN,0.0,Not Mentioned,Unsold,0.0,unsold
Bhuvneshwar Kumar,UNKNOWN,0.0,Not Mentioned,Unsold,0.0,unsold
T Natarajan,UNKNOWN,0.0,Not Mentioned,Unsold,0.0,unsold
Mayank Markande,UNKNOWN,0.0,Not Mentioned,Unsold,0.0,unsold
Umran Malik,UNKNOWN,0.0,Not Mentioned,Unsold,0.0,unsold
Fazalhaq Farooqi,UNKNOWN,0.0,Not Mentioned,Unsold,0.0,unsold
Nitish Rana,UNKNOWN,0.0,Not Mentioned,Unsold,0.0,unsold
Rinku Singh,UNKNOWN,0.0,Not Mentioned,Unsold,0.0,unsold
Rahmanullah Gurbaz,UNKNOWN,0.0,Not Mentioned,Unsold,0.0,unsold
Shreyas Iyer,UNKNOWN,0.0,Not Mentioned,Unsold,0.0,unsold
Jason Roy,UNKNOWN,0.0,Not Mentioned,Unsold,0.0,unsold
Sunil Narine,UNKNOWN,0.0,Not Mentioned,Unsold,0.0,unsold
Suyash Sharma,UNKNOWN,0.0,Not Mentioned,Unsold,0.0,unsold
Anukul Roy,UNKNOWN,0.0,Not Mentioned,Unsold,0.0,unsold
Andre Russell,UNKNOWN,0.0,Not Mentioned,Unsold,0.0,unsold
Venkatesh Iyer,UNKNOWN,0.0,Not Mentioned,Unsold,0.0,unsold
Harshit Rana,UNKNOWN,0.0,Not Mentioned,Unsold,0.0,unsold
Vaibhav Arora,UNKNOWN,0.0,Not Mentioned,Unsold,0.0,unsold
Varun Chakaravarthy,UNKNOWN,0.0,Not Mentioned,Unsold,0.0,unsold
Shikhar Dhawan,UNKNOWN,0.0,Not Mentioned,Unsold,0.0,unsold
Liam Livingstone,UNKNOWN,0.0,Not Mentioned,Unsold,0.0,unsold
Jonny Bairstow,UNKNOWN,0.0,Not Mentioned,Unsold,0.0,unsold
Gurnoor Singh Brar,UNKNOWN,0.0,Not Mentioned,Unsold,0.0,unsold
Jitesh Sharma,UNKNOWN,0.0,Not Mentioned,Unsold,0.0,unsold
Shivam Singh,UNKNOWN,0.0,Not Mentioned,Unsold,0.0,unsold
Rahul Chahar,UNKNOWN,0.0,Not Mentioned,Unsold,0.0,unsold
Prabhsimran Singh,UNKNOWN,0.0,Not Mentioned,Unsold,0.0,unsold
Matthew Short,UNKNOWN,0.0,Not Mentioned,Unsold,0.0,unsold
Arshdeep Singh,UNKNOWN,0.0,Not Mentioned,Unsold,0.0,unsold
Harpreet Bhatia,UNKNOWN,0.0,Not Mentioned,Unsold,0.0,unsold
Harpreet Brar,UNKNOWN,0.0,Not Mentioned,Unsold,0.0,unsold
Atharva Taide,UNKNOWN,0.0,Not Mentioned,Unsold,0.0,unsold
Vidwath Kaverappa,UNKNOWN,0.0,Not Mentioned,Unsold,0.0,unsold
Rishi Dhawan,UNKNOWN,0.0,Not Mentioned,Unsold,0.0,unsold
Kagiso Rabada,UNKNOWN,0.0,Not Mentioned,Unsold,0.0,unsold
Sam Curran,UNKNOWN,0.0,Not Mentioned,Unsold,0.0,unsold
Nathan Ellis,UNKNOWN,0.0,Not Mentioned,Unsold,0.0,unsold
Sikandar Raza,UNKNOWN,0.0,Not Mentioned,Unsold,0.0,unsold
Sanju Samson,UNKNOWN,0.0,Not Mentioned,Unsold,0.0,unsold
Jos Buttler,UNKNOWN,0.0,Not Mentioned,Unsold,0.0,unsold
Shimron Hetmyer,UNKNOWN,0.0,Not Mentioned,Unsold,0.0,unsold
Yashasvi Jaiswal,UNKNOWN,0.0,Not Mentioned,Unsold,0.0,unsold
Dhruv Jurel,UNKNOWN,0.0,Not Mentioned,Unsold,0.0,unsold
Riyan Parag,UNKNOWN,0.0,Not Mentioned,Unsold,0.0,unsold
Donovan Ferreira,UNKNOWN,0.0,Not Mentioned,Unsold,0.0,unsold
Kunal Rathore,UNKNOWN,0.0,Not Mentioned,Unsold,0.0,unsold
Ravichandran Ashwin,UNKNOWN,0.0,Not Mentioned,Unsold,0.0,unsold
Kuldeep Sen,UNKNOWN,0.0,Not Mentioned,Unsold,0.0,unsold
Navdeep Saini,UNKNOWN,0.0,Not Mentioned,Unsold,0.0,unsold
Prasidh Krishna,UNKNOWN,0.0,Not Mentioned,Unsold,0.0,unsold
Sandeep Sharma,UNKNOWN,0.0,Not Mentioned,Unsold,0.0,unsold
Trent Boult,UNKNOWN,0.0,Not Mentioned,Unsold,0.0,unsold
Yuzvendra Chahal,UNKNOWN,0.0,Not Mentioned,Unsold,0.0,unsold
Adam Zampa,UNKNOWN,0.0,Not Mentioned,Unsold,0.0,unsold
Rishabh Pant,UNKNOWN,0.0,Not Mentioned,Unsold,0.0,unsold
Pravin Dubey,UNKNOWN,0.0,Not Mentioned,Unsold,0.0,unsold
David Warner,UNKNOWN,0.0,Not Mentioned,Unsold,0.0,unsold
Vicky Ostwal,UNKNOWN,0.0,Not Mentioned,Unsold,0.0,unsold
Prithvi Shaw,UNKNOWN,0.0,Not Mentioned,Unsold,0.0,unsold
Anrich Nortje,UNKNOWN,0.0,Not Mentioned,Unsold,0.0,unsold
Abishek Porel,UNKNOWN,0.0,Not Mentioned,Unsold,0.0,unsold
Kuldeep Yadav,UNKNOWN,0.0,Not Mentioned,Unsold,0.0,unsold
Axar Patel,UNKNOWN,0.0,Not Mentioned,Unsold,0.0,unsold
Lungi Ngidi,UNKNOWN,0.0,Not Mentioned,Unsold,0.0,unsold
Lalit Yadav,UNKNOWN,0.0,Not Mentioned,Unsold,0.0,unsold
Khaleel Ahmed,UNKNOWN,0.0,Not Mentioned,Unsold,0.0,unsold
Mitchell Marsh,UNKNOWN,0.0,Not Mentioned,Unsold,0.0,unsold
Ishant Sharma,UNKNOWN,0.0,Not Mentioned,Unsold,0.0,unsold
Yash Dhull,UNKNOWN,0.0,Not Mentioned,Unsold,0.0,unsold
Mukesh Kumar,UNKNOWN,0.0,Not Mentioned,Unsold,0.0,unsold
MS Dhoni,UNKNOWN,0.0,Not Mentioned,Unsold,0.0,unsold
Moeen Ali,UNKNOWN,0.0,Not Mentioned,Unsold,0.0,unsold
Deepak Chahar,UNKNOWN,0.0,Not Mentioned,Unsold,0.0,unsold
Devon Conway,UNKNOWN,0.0,Not Mentioned,Unsold,0.0,unsold
Tushar Deshpande,UNKNOWN,0.0,Not Mentioned,Unsold,0.0,unsold
Shivam Dube,UNKNOWN,0.0,Not Mentioned,Unsold,0.0,unsold
Ruturaj Gaikwad,UNKNOWN,0.0,Not Mentioned,Unsold,0.0,unsold
Rajvardhan Hangargekar,UNKNOWN,0.0,Not Mentioned,Unsold,0.0,unsold
Ravindra Jadeja,UNKNOWN,0.0,Not Mentioned,Unsold,0.0,unsold
Ajay Mandal,UNKNOWN,0.0,Not Mentioned,Unsold,0.0,unsold
Mukesh Choudhary,UNKNOWN,0.0,Not Mentioned,Unsold,0.0,unsold
Matheesha Pathirana,UNKNOWN,0.0,Not Mentioned,Unsold,0.0,unsold
Ajinkya Rahane,UNKNOWN,0.0,Not Mentioned,Unsold,0.0,unsold
Shaik Rasheed,UNKNOWN,0.0,Not Mentioned,Unsold,0.0,unsold
Mitchell Santner,UNKNOWN,0.0,Not Mentioned,Unsold,0.0,unsold
Simarjeet Singh,UNKNOWN,0.0,Not Mentioned,Unsold,0.0,unsold
Nishant Sindhu,UNKNOWN,0.0,Not Mentioned,Unsold,0.0,unsold
Prashant Solanki,UNKNOWN,0.0,Not Mentioned,Unsold,0.0,unsold
Maheesh Theekshana,UNKNOWN,0.0,Not Mentioned,Unsold,0.0,unsold
